iteration,accuracy,delta_accuracy,prompt,stopped_reason
1,1.0,,"Given an artist, band, or movie name, identify a one-character edit that transforms the original name into a humorous alternative by changing its meaning. Follow these steps:

1. **Analyze the original name**: Understand the meaning, pronunciation, and context of the given name.
2. **Identify potential edits**: Consider single-character changes (substitution, insertion, or deletion) that could alter the name.
3. **Evaluate humor and meaning shift**: Assess whether the edit creates a funny twist or pun while maintaining recognizability.
4. **Compare options**: If multiple choices are provided, select the one that best achieves a humorous meaning change with only one character edited.

For example, with ""fall out boy"":
- Original meaning: A band name suggesting emotional fallout or drama.
- Humorous edit: ""fall out bot"" (changing ""boy"" to ""bot"") introduces a robotic twist, creating humor.
- Correct choice: (B) fall out bot.

Apply this reasoning to your input.",max_iterations
